"OTU","Bin"
"OTU1939",1
"OTU1136",1
"OTU1986",1
"OTU1953",1
"OTU471",1
"OTU759",1
"OTU1223",1
"OTU2324",1
"OTU2022",1
"OTU1344",1
"OTU1384",1
"OTU1452",1
"OTU2614",1
"OTU26",1
"OTU1670",1
"OTU265",1
"OTU1681",1
"OTU683",1
"OTU1083",1
"OTU2089",1
"OTU1529",1
"OTU2265",1
"OTU388",1
"OTU2015",1
"OTU698",1
"OTU975",1
"OTU137",1
"OTU1131",1
"OTU271",1
"OTU222",1
"OTU1135",1
"OTU1586",1
"OTU908",1
"OTU1381",1
"OTU259",1
"OTU1607",1
"OTU2063",1
"OTU2028",1
"OTU784",1
"OTU1383",2
"OTU1763",2
"OTU1642",2
"OTU1861",2
"OTU1388",2
"OTU2007",2
"OTU1900",2
"OTU2418",2
"OTU1158",2
"OTU1055",2
"OTU2647",2
"OTU2001",2
"OTU84",2
"OTU284",2
"OTU1206",2
"OTU499",2
"OTU352",2
"OTU1682",2
"OTU1409",2
"OTU1525",2
"OTU1804",2
"OTU218",2
"OTU2565",2
"OTU1241",2
"OTU2596",2
"OTU751",2
"OTU1578",2
"OTU1571",2
"OTU1869",2
"OTU1707",2
"OTU2055",2
"OTU980",2
"OTU2094",2
"OTU1343",2
"OTU617",2
"OTU2397",2
"OTU1796",2
"OTU1257",2
"OTU1712",2
"OTU1294",2
"OTU1954",2
"OTU1941",3
"OTU1265",3
"OTU1735",3
"OTU2199",3
"OTU22",3
"OTU1362",3
"OTU2483",3
"OTU365",3
"OTU682",3
"OTU2059",3
"OTU393",3
"OTU586",3
"OTU1860",3
"OTU1965",3
"OTU1576",3
"OTU1646",3
"OTU1513",3
"OTU1305",3
"OTU444",3
"OTU1301",3
"OTU847",3
"OTU1133",3
"OTU1905",3
"OTU874",3
"OTU1720",3
"OTU608",3
"OTU359",3
"OTU726",3
"OTU318",3
"OTU546",3
"OTU2507",3
"OTU1914",3
"OTU2506",3
"OTU1537",3
"OTU2452",3
"OTU642",3
"OTU2686",3
"OTU2183",3
"OTU2262",3
"OTU1742",3
"OTU2251",3
"OTU125",3
"OTU1771",3
"OTU929",3
"OTU1686",3
"OTU1539",3
"OTU420",3
"OTU1851",3
"OTU1427",3
"OTU1627",3
"OTU1984",3
"OTU42",3
"OTU1559",4
"OTU310",4
"OTU342",4
"OTU1547",4
"OTU2271",4
"OTU1911",4
"OTU2189",4
"OTU1548",4
"OTU800",4
"OTU1347",4
"OTU2708",4
"OTU298",4
"OTU253",4
"OTU1690",4
"OTU331",4
"OTU1461",4
"OTU486",4
"OTU1328",4
"OTU319",4
"OTU322",4
"OTU2023",4
"OTU1140",4
"OTU2046",4
"OTU1759",4
"OTU1592",4
"OTU1079",4
"OTU1272",4
"OTU1430",4
"OTU1570",5
"OTU194",5
"OTU2301",5
"OTU85",5
"OTU982",5
"OTU1580",5
"OTU832",5
"OTU2695",5
"OTU567",5
"OTU1852",5
"OTU1335",5
"OTU297",5
"OTU853",5
"OTU231",5
"OTU439",5
"OTU875",5
"OTU272",5
"OTU777",5
"OTU436",5
"OTU229",5
"OTU1505",5
"OTU1945",5
"OTU1100",5
"OTU302",5
"OTU321",5
"OTU1716",5
"OTU260",5
"OTU2365",5
"OTU293",5
"OTU1774",5
"OTU1609",5
"OTU1930",5
"OTU1293",5
"OTU710",5
"OTU2027",5
"OTU1800",5
"OTU1340",5
"OTU2244",5
"OTU1835",5
"OTU1084",5
"OTU316",5
"OTU374",5
"OTU1299",5
"OTU508",5
"OTU1886",5
"OTU299",5
"OTU57",6
"OTU12",6
"OTU2043",6
"OTU2033",6
"OTU415",6
"OTU1493",6
"OTU2014",6
"OTU1585",6
"OTU63",6
"OTU341",6
"OTU1104",6
"OTU962",6
"OTU269",6
"OTU292",6
"OTU2132",6
"OTU1026",6
"OTU1064",6
"OTU2122",6
"OTU900",6
"OTU470",6
"OTU700",6
"OTU1087",6
"OTU372",6
"OTU2261",6
"OTU2498",6
"OTU1375",6
"OTU353",6
"OTU1429",6
"OTU2497",6
"OTU2671",6
"OTU1955",6
"OTU223",6
"OTU981",6
"OTU2545",6
"OTU2678",6
"OTU71",6
"OTU2584",6
"OTU789",6
"OTU1157",6
"OTU151",6
"OTU391",6
"OTU505",6
"OTU2129",6
"OTU2279",6
"OTU200",6
"OTU173",6
"OTU2516",6
"OTU2449",6
"OTU2464",6
"OTU2698",6
"OTU948",6
"OTU24",6
"OTU344",6
"OTU2133",6
"OTU428",6
"OTU1664",6
"OTU1464",6
"OTU2329",6
"OTU2618",6
"OTU2652",6
"OTU556",7
"OTU654",7
"OTU1251",7
"OTU443",7
"OTU1776",7
"OTU1653",7
"OTU2144",7
"OTU1749",7
"OTU408",7
"OTU1378",7
"OTU167",7
"OTU1727",7
"OTU1577",7
"OTU872",7
"OTU1366",7
"OTU2676",7
"OTU491",7
"OTU2439",7
"OTU2624",7
"OTU2611",7
"OTU1353",7
"OTU1506",7
"OTU343",7
"OTU2484",7
"OTU209",7
"OTU2533",7
"OTU1843",7
"OTU1650",7
"OTU1713",7
"OTU1446",7
"OTU2157",7
"OTU345",7
"OTU1714",7
"OTU127",7
"OTU856",7
"OTU394",7
"OTU161",7
"OTU516",7
"OTU2408",7
"OTU671",7
"OTU1721",7
"OTU1960",7
"OTU1268",7
"OTU2360",8
"OTU2555",8
"OTU883",8
"OTU674",8
"OTU1820",8
"OTU1062",8
"OTU604",8
"OTU1419",8
"OTU504",8
"OTU1880",8
"OTU257",8
"OTU813",8
"OTU821",8
"OTU933",8
"OTU1080",8
"OTU1297",8
"OTU794",8
"OTU378",8
"OTU289",8
"OTU747",8
"OTU1019",8
"OTU494",8
"OTU1610",8
"OTU1702",8
"OTU2246",8
"OTU2195",8
"OTU1483",9
"OTU1466",9
"OTU1923",9
"OTU1822",9
"OTU1929",9
"OTU1830",9
"OTU1333",9
"OTU1693",9
"OTU267",9
"OTU1786",9
"OTU1424",9
"OTU1459",9
"OTU325",9
"OTU1717",9
"OTU1756",9
"OTU1280",9
"OTU1379",9
"OTU2413",9
"OTU1595",9
"OTU769",9
"OTU2018",9
"OTU97",9
"OTU285",9
"OTU1606",9
"OTU743",9
"OTU596",9
"OTU14",9
"OTU2203",9
"OTU39",9
"OTU722",9
"OTU2711",9
"OTU1689",9
"OTU1541",9
"OTU1216",9
"OTU1385",9
"OTU1842",9
"OTU1630",9
"OTU2411",9
"OTU9",9
"OTU1248",9
"OTU123",9
"OTU2064",9
"OTU2071",9
"OTU1925",9
"OTU2087",9
"OTU337",9
"OTU2169",9
"OTU746",9
"OTU144",9
"OTU1588",9
"OTU306",9
"OTU1363",9
"OTU18",9
"OTU1290",9
"OTU998",9
"OTU666",9
"OTU17",9
"OTU1957",9
"OTU105",9
"OTU1665",9
"OTU885",9
"OTU1558",9
"OTU1239",9
"OTU2235",9
"OTU1912",9
"OTU2174",9
"OTU2078",9
"OTU1895",9
"OTU1921",9
"OTU576",9
"OTU1928",9
"OTU1198",9
"OTU1209",9
"OTU2170",9
"OTU2050",9
"OTU720",9
"OTU1090",9
"OTU2211",9
"OTU1112",9
"OTU1202",9
"OTU2736",9
"OTU807",9
"OTU1098",9
"OTU607",9
"OTU1915",9
"OTU2090",9
"OTU785",10
"OTU2254",10
"OTU1260",10
"OTU2681",10
"OTU157",10
"OTU2187",10
"OTU2274",10
"OTU842",10
"OTU1478",10
"OTU644",10
"OTU1757",10
"OTU2225",10
"OTU243",10
"OTU2285",10
"OTU485",10
"OTU2025",10
"OTU466",10
"OTU2171",10
"OTU1780",10
"OTU1940",10
"OTU2119",10
"OTU953",10
"OTU2268",10
"OTU891",10
"OTU1296",10
"OTU2236",10
"OTU1710",10
"OTU750",10
"OTU1719",10
"OTU2125",10
"OTU867",10
"OTU347",10
"OTU1922",10
"OTU1431",10
"OTU1356",10
"OTU1225",10
"OTU1591",10
"OTU1349",11
"OTU1454",11
"OTU1643",11
"OTU379",11
"OTU930",11
"OTU357",11
"OTU1422",11
"OTU1766",11
"OTU2368",11
"OTU999",11
"OTU1531",11
"OTU1617",11
"OTU2637",11
"OTU1908",11
"OTU1081",11
"OTU2332",11
"OTU241",11
"OTU1445",11
"OTU440",11
"OTU2549",11
"OTU989",11
"OTU526",11
"OTU2080",11
"OTU1764",11
"OTU521",11
"OTU2384",11
"OTU1826",11
"OTU1983",11
"OTU1215",11
"OTU1522",11
"OTU2231",11
"OTU1165",11
"OTU2702",11
"OTU1942",11
"OTU653",11
"OTU2026",11
"OTU2675",11
"OTU2060",11
"OTU30",11
"OTU1521",11
"OTU919",11
"OTU1566",11
"OTU234",11
"OTU2432",11
"OTU1342",11
"OTU2241",11
"OTU1189",11
"OTU2375",11
"OTU2673",11
"OTU1212",11
"OTU498",11
"OTU1743",11
"OTU2569",11
"OTU224",11
"OTU727",11
"OTU2355",11
"OTU2322",11
"OTU652",11
"OTU922",11
"OTU1052",11
"OTU2401",11
"OTU248",12
"OTU1364",12
"OTU888",12
"OTU1572",12
"OTU2179",12
"OTU1931",12
"OTU2445",12
"OTU1178",12
"OTU641",12
"OTU1073",12
"OTU1818",12
"OTU2602",12
"OTU1476",12
"OTU2579",12
"OTU2395",12
"OTU2434",12
"OTU2",12
"OTU1887",12
"OTU717",12
"OTU2337",12
"OTU779",12
"OTU1853",12
"OTU2389",12
"OTU1535",12
"OTU2313",12
"OTU1186",12
"OTU1924",12
"OTU1023",12
"OTU618",12
"OTU590",12
"OTU2668",12
"OTU2653",12
"OTU816",12
"OTU2229",12
"OTU2440",12
"OTU606",12
"OTU1897",12
"OTU2077",12
"OTU2633",12
"OTU447",12
"OTU792",12
"OTU2054",12
"OTU844",12
"OTU1387",12
"OTU1980",13
"OTU2200",13
"OTU1587",13
"OTU1005",13
"OTU564",13
"OTU5",13
"OTU1545",13
"OTU442",13
"OTU2636",13
"OTU2083",13
"OTU1020",13
"OTU1197",13
"OTU2575",13
"OTU2209",13
"OTU695",13
"OTU1065",13
"OTU835",13
"OTU1161",13
"OTU991",13
"OTU153",13
"OTU1350",13
"OTU1823",13
"OTU266",13
"OTU2110",13
"OTU2160",13
"OTU355",13
"OTU2230",13
"OTU1815",13
"OTU544",13
"OTU862",13
"OTU423",13
"OTU1751",13
"OTU1224",13
"OTU1292",13
"OTU2069",13
"OTU162",13
"OTU886",13
"OTU1990",14
"OTU1402",14
"OTU540",14
"OTU525",14
"OTU826",14
"OTU770",14
"OTU687",14
"OTU2173",14
"OTU1217",14
"OTU1879",14
"OTU1871",14
"OTU2084",14
"OTU764",14
"OTU738",14
"OTU1963",14
"OTU2227",14
"OTU389",14
"OTU1072",14
"OTU2005",14
"OTU724",14
"OTU1054",14
"OTU1032",14
"OTU2537",14
"OTU1857",14
"OTU2314",14
"OTU589",14
"OTU524",14
"OTU693",15
"OTU766",15
"OTU1510",15
"OTU2147",15
"OTU2718",15
"OTU182",15
"OTU878",15
"OTU681",15
"OTU2496",15
"OTU2643",15
"OTU464",15
"OTU2562",15
"OTU450",15
"OTU1330",15
"OTU828",15
"OTU1684",15
"OTU1700",15
"OTU748",15
"OTU185",15
"OTU1269",15
"OTU1847",15
"OTU308",15
"OTU2299",15
"OTU947",15
"OTU1175",15
"OTU2006",15
"OTU1688",15
"OTU2625",15
"OTU2037",15
"OTU1789",15
"OTU501",15
"OTU2402",15
"OTU851",15
"OTU2528",15
"OTU2578",15
"OTU2638",15
"OTU1164",15
"OTU2568",15
"OTU2689",16
"OTU2427",16
"OTU1453",16
"OTU2447",16
"OTU1599",16
"OTU180",16
"OTU232",16
"OTU1311",16
"OTU2632",16
"OTU1316",16
"OTU2286",16
"OTU1765",16
"OTU2405",16
"OTU1326",16
"OTU2212",16
"OTU822",16
"OTU2049",16
"OTU1907",16
"OTU790",16
"OTU1622",16
"OTU1821",16
"OTU1644",16
"OTU186",16
"OTU1462",16
"OTU697",16
"OTU2158",16
"OTU2664",16
"OTU2727",16
"OTU597",16
"OTU1003",16
"OTU2631",16
"OTU2220",16
"OTU797",16
"OTU1523",16
"OTU2091",16
"OTU171",16
"OTU1401",16
"OTU1426",16
"OTU2140",16
"OTU2255",16
"OTU2318",16
"OTU2606",16
"OTU1890",16
"OTU786",16
"OTU2691",17
"OTU2720",17
"OTU2714",17
"OTU2743",17
"OTU2177",17
"OTU2710",17
"OTU1754",17
"OTU2166",17
"OTU2201",17
"OTU1985",17
"OTU2733",17
"OTU1247",17
"OTU2700",17
"OTU2709",17
"OTU2741",17
"OTU2719",17
"OTU2731",17
"OTU2730",17
"OTU2687",17
"OTU2728",17
"OTU2734",17
"OTU2729",17
"OTU2692",17
"OTU837",17
"OTU2354",17
"OTU2587",17
"OTU1423",17
"OTU2145",17
"OTU1787",17
"OTU1393",17
"OTU1463",17
"OTU611",17
"OTU1249",17
"OTU1797",17
"OTU545",17
"OTU1085",17
"OTU551",17
"OTU613",17
"OTU313",17
"OTU8",17
"OTU149",18
"OTU1324",18
"OTU159",18
"OTU765",18
"OTU1002",18
"OTU2459",18
"OTU1761",18
"OTU2444",18
"OTU427",18
"OTU626",18
"OTU2634",18
"OTU1865",18
"OTU704",18
"OTU1805",18
"OTU1306",18
"OTU2178",18
"OTU2152",18
"OTU2238",18
"OTU996",18
"OTU2153",18
"OTU1628",18
"OTU1867",18
"OTU2369",18
"OTU2349",18
"OTU2509",18
"OTU2424",18
"OTU2404",18
"OTU2738",19
"OTU2690",19
"OTU2735",19
"OTU2267",19
"OTU2399",19
"OTU472",19
"OTU240",19
"OTU451",19
"OTU2378",19
"OTU2564",19
"OTU2135",19
"OTU2239",19
"OTU791",19
"OTU845",19
"OTU2699",19
"OTU2715",19
"OTU2693",19
"OTU2694",19
"OTU2732",19
"OTU2716",19
"OTU1593",19
"OTU2383",19
"OTU2552",19
"OTU2281",19
"OTU2032",19
"OTU2105",19
"OTU522",19
"OTU141",19
"OTU1841",19
"OTU2612",19
"OTU680",19
"OTU1234",19
"OTU1273",19
"OTU1550",19
"OTU2117",19
"OTU429",19
"OTU2667",19
"OTU1262",20
"OTU155",20
"OTU179",20
"OTU2623",20
"OTU1868",20
"OTU2488",20
"OTU2165",20
"OTU2345",20
"OTU2443",20
"OTU2433",20
"OTU135",20
"OTU2610",20
"OTU3",20
"OTU716",20
"OTU725",20
"OTU2713",20
"OTU2688",20
"OTU2514",20
"OTU2626",20
"OTU2362",20
"OTU850",20
"OTU1053",20
"OTU1013",20
"OTU2697",20
"OTU2740",20
"OTU2739",20
"OTU512",20
"OTU2556",20
"OTU277",20
"OTU691",20
"OTU2704",20
"OTU479",20
"OTU2013",20
"OTU1809",20
"OTU2655",20
"OTU1634",20
"OTU2417",20
"OTU1998",20
"OTU817",20
"OTU859",20
"OTU2487",20
"OTU323",20
"OTU2387",20
"OTU1739",20
"OTU1519",20
"OTU861",20
"OTU1906",20
"OTU2101",20
"OTU197",20
"OTU2701",20
"OTU2396",20
"OTU401",20
"OTU500",20
"OTU166",20
"OTU749",20
"OTU812",20
"OTU2473",21
"OTU661",21
"OTU2491",21
"OTU2190",21
"OTU510",21
"OTU1130",21
"OTU911",21
"OTU174",21
"OTU1034",21
"OTU860",21
"OTU915",21
"OTU295",21
"OTU600",21
"OTU1171",21
"OTU1862",21
"OTU1750",21
"OTU490",21
"OTU881",21
"OTU146",21
"OTU1673",21
"OTU1597",21
"OTU2137",21
"OTU857",21
"OTU2172",21
"OTU458",21
"OTU684",21
"OTU742",21
"OTU1237",22
"OTU1412",22
"OTU1177",22
"OTU2052",22
"OTU1734",22
"OTU1659",22
"OTU1129",22
"OTU783",22
"OTU2566",22
"OTU1396",22
"OTU2458",22
"OTU1932",22
"OTU1182",22
"OTU805",22
"OTU2092",22
"OTU2252",22
"OTU1400",22
"OTU1439",22
"OTU1134",22
"OTU2339",22
"OTU972",22
"OTU2608",22
"OTU2290",22
"OTU1816",22
"OTU2523",22
"OTU1348",22
"OTU150",22
"OTU27",22
"OTU2511",22
"OTU2696",22
"OTU2474",22
"OTU802",22
"OTU605",22
"OTU2485",22
"OTU116",22
"OTU1608",23
"OTU1614",23
"OTU324",23
"OTU1203",23
"OTU54",23
"OTU411",23
"OTU1036",23
"OTU1564",23
"OTU1057",23
"OTU992",23
"OTU446",23
"OTU555",23
"OTU1359",23
"OTU4",23
"OTU2595",23
"OTU963",23
"OTU2273",23
"OTU633",23
"OTU45",23
"OTU1024",23
"OTU121",23
"OTU44",23
"OTU678",23
"OTU206",23
"OTU2029",23
"OTU453",23
"OTU804",23
"OTU2388",23
"OTU1109",23
"OTU230",23
"OTU1238",24
"OTU968",24
"OTU554",24
"OTU1807",24
"OTU1527",24
"OTU397",24
"OTU386",24
"OTU291",24
"OTU320",24
"OTU1204",24
"OTU1309",24
"OTU419",24
"OTU356",24
"OTU795",24
"OTU905",24
"OTU1123",24
"OTU1076",24
"OTU2442",24
"OTU2175",24
"OTU833",24
"OTU1028",24
"OTU2561",24
"OTU1016",24
"OTU1110",24
"OTU1831",24
"OTU1496",24
"OTU1738",24
"OTU66",24
"OTU1658",24
"OTU333",24
"OTU6",24
"OTU1654",24
"OTU2456",24
"OTU207",24
"OTU2181",24
"OTU90",24
"OTU210",24
"OTU623",24
"OTU1373",25
"OTU2359",25
"OTU1405",25
"OTU242",25
"OTU192",25
"OTU95",25
"OTU1569",25
"OTU2571",25
"OTU2703",25
"OTU1456",25
"OTU418",25
"OTU1855",25
"OTU1111",25
"OTU434",25
"OTU1190",25
"OTU2628",25
"OTU547",25
"OTU773",25
"OTU2363",25
"OTU529",25
"OTU901",25
"OTU1007",25
"OTU465",25
"OTU2422",25
"OTU997",25
"OTU787",26
"OTU2543",26
"OTU363",26
"OTU2621",26
"OTU332",26
"OTU1635",26
"OTU70",26
"OTU2266",26
"OTU966",26
"OTU1662",26
"OTU927",26
"OTU1148",26
"OTU417",26
"OTU1395",26
"OTU1651",26
"OTU283",26
"OTU309",26
"OTU1004",26
"OTU278",26
"OTU1732",26
"OTU2250",26
"OTU117",26
"OTU1323",26
"OTU114",26
"OTU140",26
"OTU711",26
"OTU126",27
"OTU2136",27
"OTU366",27
"OTU1386",27
"OTU1334",27
"OTU532",27
"OTU1621",27
"OTU2622",27
"OTU143",27
"OTU480",27
"OTU1298",27
"OTU2302",27
"OTU2361",27
"OTU2482",27
"OTU2295",27
"OTU897",27
"OTU2548",27
"OTU2460",27
"OTU2065",27
"OTU2180",27
"OTU1440",27
"OTU1783",27
"OTU1856",27
"OTU679",27
"OTU1723",27
"OTU2682",27
"OTU768",27
"OTU1676",27
"OTU1752",27
"OTU1661",27
"OTU2481",27
"OTU995",27
"OTU1418",27
"OTU2221",27
"OTU2264",27
"OTU2374",27
"OTU987",27
"OTU2321",27
"OTU894",27
"OTU2370",27
"OTU208",28
"OTU1584",28
"OTU511",28
"OTU11",28
"OTU1669",28
"OTU692",28
"OTU731",28
"OTU890",28
"OTU488",28
"OTU568",28
"OTU74",28
"OTU628",28
"OTU2522",28
"OTU1828",28
"OTU2226",28
"OTU809",28
"OTU2436",28
"OTU1755",28
"OTU199",28
"OTU409",28
"OTU523",28
"OTU1156",28
"OTU627",28
"OTU2283",28
"OTU1088",28
"OTU2512",28
"OTU1029",28
"OTU1",28
"OTU964",28
"OTU296",28
"OTU1648",28
"OTU950",28
"OTU824",28
"OTU1729",28
"OTU431",28
"OTU2646",29
"OTU2257",29
"OTU468",29
"OTU1187",29
"OTU719",29
"OTU164",29
"OTU778",29
"OTU676",29
"OTU303",29
"OTU336",29
"OTU1737",29
"OTU1775",29
"OTU1497",29
"OTU2067",29
"OTU2253",29
"OTU421",29
"OTU788",29
"OTU1369",29
"OTU1231",29
"OTU1526",29
"OTU565",29
"OTU1615",29
"OTU1524",29
"OTU1170",29
"OTU1049",29
"OTU1987",29
"OTU2072",29
"OTU902",29
"OTU1163",29
"OTU1145",29
"OTU781",29
"OTU2538",29
"OTU1502",29
"OTU1208",29
"OTU2249",29
"OTU1967",29
"OTU2062",29
"OTU583",29
"OTU1784",29
"OTU1331",29
"OTU380",29
"OTU55",29
"OTU1159",29
"OTU65",29
"OTU2234",29
"OTU1235",29
"OTU2104",29
"OTU863",29
"OTU593",29
"OTU2146",29
"OTU553",29
"OTU2666",29
"OTU921",29
"OTU1792",29
"OTU1625",29
"OTU664",29
"OTU2455",30
"OTU2662",30
"OTU335",30
"OTU2143",30
"OTU2154",30
"OTU1909",30
"OTU2114",30
"OTU520",30
"OTU841",30
"OTU2196",30
"OTU1910",30
"OTU413",30
"OTU1542",30
"OTU410",30
"OTU1108",30
"OTU489",30
"OTU1124",30
"OTU1167",30
"OTU1086",30
"OTU2392",30
"OTU493",30
"OTU2705",30
"OTU2737",30
"OTU1993",30
"OTU1767",31
"OTU249",31
"OTU2210",31
"OTU2471",31
"OTU255",31
"OTU745",31
"OTU1313",31
"OTU1487",31
"OTU170",31
"OTU1839",31
"OTU1480",31
"OTU1817",31
"OTU1730",31
"OTU2336",31
"OTU2462",31
"OTU2680",31
"OTU1074",31
"OTU1813",31
"OTU1444",31
"OTU2148",31
"OTU732",31
"OTU924",31
"OTU1671",31
"OTU1303",31
"OTU473",31
"OTU2615",32
"OTU744",32
"OTU86",32
"OTU467",32
"OTU1092",32
"OTU2390",32
"OTU2469",32
"OTU1184",32
"OTU2582",32
"OTU1043",32
"OTU1708",32
"OTU1561",32
"OTU2559",32
"OTU1484",32
"OTU34",32
"OTU404",32
"OTU1274",32
"OTU1632",32
"OTU1495",32
"OTU88",32
"OTU1533",32
"OTU772",32
"OTU10",32
"OTU1233",32
"OTU225",32
"OTU1655",33
"OTU1380",33
"OTU1666",33
"OTU1075",33
"OTU112",33
"OTU120",33
"OTU1829",33
"OTU1489",33
"OTU2280",33
"OTU1790",33
"OTU1332",33
"OTU1808",33
"OTU1236",33
"OTU1498",33
"OTU2588",33
"OTU873",33
"OTU1733",33
"OTU1089",33
"OTU2372",33
"OTU648",33
"OTU2142",33
"OTU2228",33
"OTU1801",33
"OTU913",33
"OTU156",33
"OTU305",33
"OTU350",34
"OTU854",34
"OTU346",34
"OTU56",34
"OTU2016",34
"OTU1246",34
"OTU2115",34
"OTU1391",34
"OTU1346",34
"OTU1317",34
"OTU1699",34
"OTU254",34
"OTU1709",34
"OTU801",34
"OTU1329",34
"OTU1631",34
"OTU59",34
"OTU1357",34
"OTU382",34
"OTU820",34
"OTU1113",34
"OTU1988",34
"OTU2184",34
"OTU599",34
"OTU537",34
"OTU7",34
"OTU2098",34
"OTU244",35
"OTU35",35
"OTU16",35
"OTU2276",35
"OTU2113",35
"OTU1612",35
"OTU561",35
"OTU1696",35
"OTU497",35
"OTU327",35
"OTU416",35
"OTU1589",35
"OTU2224",35
"OTU625",35
"OTU477",35
"OTU385",35
"OTU459",35
"OTU89",35
"OTU38",35
"OTU1061",35
"OTU1066",35
"OTU1613",35
"OTU1806",35
"OTU115",35
"OTU1196",35
"OTU258",35
"OTU1726",36
"OTU2102",36
"OTU2103",36
"OTU2030",36
"OTU1894",36
"OTU2093",36
"OTU1875",36
"OTU1200",36
"OTU2463",36
"OTU879",36
"OTU2309",36
"OTU903",36
"OTU1920",36
"OTU1889",36
"OTU1132",36
"OTU1069",36
"OTU1143",36
"OTU858",36
"OTU2567",36
"OTU1015",36
"OTU245",36
"OTU1150",36
"OTU2431",36
"OTU941",36
"OTU2316",36
"OTU1979",36
"OTU2356",36
"OTU1966",36
"OTU1191",36
"OTU2518",36
"OTU865",36
"OTU251",36
"OTU931",36
"OTU870",36
"OTU2272",36
"OTU1172",36
"OTU1205",36
"OTU2325",36
"OTU2134",36
"OTU1152",36
"OTU262",36
"OTU1169",36
"OTU1291",36
"OTU983",36
"OTU1045",36
"OTU2386",36
"OTU531",36
"OTU406",36
"OTU1486",37
"OTU1565",37
"OTU1562",37
"OTU558",37
"OTU598",37
"OTU2593",37
"OTU358",37
"OTU2343",37
"OTU614",37
"OTU1283",37
"OTU575",37
"OTU2278",37
"OTU2192",37
"OTU81",37
"OTU1858",37
"OTU2467",37
"OTU362",37
"OTU402",37
"OTU686",37
"OTU977",37
"OTU2039",37
"OTU1888",37
"OTU2493",37
"OTU2011",37
"OTU1341",37
"OTU988",37
"OTU677",37
"OTU668",37
"OTU2120",37
"OTU577",37
"OTU1051",37
"OTU118",37
"OTU1791",37
"OTU1447",37
"OTU176",37
"OTU2048",37
"OTU216",37
"OTU985",37
"OTU351",37
"OTU455",37
"OTU2393",37
"OTU1312",37
"OTU1490",37
"OTU2123",37
"OTU619",37
"OTU311",37
"OTU113",37
"OTU261",37
"OTU581",37
"OTU2723",38
"OTU632",38
"OTU1255",38
"OTU1000",38
"OTU1973",38
"OTU758",38
"OTU1951",38
"OTU959",38
"OTU904",38
"OTU1318",38
"OTU264",38
"OTU2138",38
"OTU2515",38
"OTU573",38
"OTU610",38
"OTU952",38
"OTU2576",38
"OTU2658",38
"OTU13",38
"OTU2300",38
"OTU484",38
"OTU2641",38
"OTU1692",38
"OTU1840",38
"OTU201",38
"OTU198",38
"OTU585",38
"OTU1549",38
"OTU2034",38
"OTU2601",38
"OTU184",38
"OTU1793",38
"OTU219",38
"OTU53",38
"OTU709",38
"OTU2530",38
"OTU438",38
"OTU1425",38
"OTU1457",38
"OTU1590",38
"OTU557",38
"OTU1573",38
"OTU191",38
"OTU226",38
"OTU461",38
"OTU1753",38
"OTU1877",39
"OTU755",39
"OTU1927",39
"OTU2381",39
"OTU2505",39
"OTU926",39
"OTU899",39
"OTU2560",39
"OTU2542",39
"OTU2721",39
"OTU942",39
"OTU694",39
"OTU1039",39
"OTU1096",39
"OTU1336",39
"OTU1180",39
"OTU2544",39
"OTU387",39
"OTU1836",39
"OTU1736",39
"OTU1250",39
"OTU152",39
"OTU1824",39
"OTU1873",39
"OTU1598",39
"OTU329",39
"OTU1934",39
"OTU1014",39
"OTU643",39
"OTU1685",40
"OTU1516",40
"OTU2607",40
"OTU2524",40
"OTU2194",40
"OTU2197",40
"OTU1695",40
"OTU2412",40
"OTU1038",40
"OTU1878",40
"OTU1040",40
"OTU1126",40
"OTU635",40
"OTU2453",40
"OTU2075",40
"OTU2042",40
"OTU2617",40
"OTU2410",40
"OTU594",40
"OTU1574",40
"OTU763",40
"OTU1507",40
"OTU2024",40
"OTU624",40
"OTU2495",40
"OTU2603",40
"OTU2287",40
"OTU2041",40
"OTU2061",40
"OTU1913",40
"OTU315",40
"OTU1259",40
"OTU2185",40
"OTU637",40
"OTU1514",40
"OTU64",40
"OTU294",41
"OTU430",41
"OTU1675",41
"OTU1377",41
"OTU178",41
"OTU1448",41
"OTU1033",41
"OTU2425",41
"OTU2479",41
"OTU1252",41
"OTU195",41
"OTU1552",41
"OTU2107",41
"OTU227",41
"OTU462",41
"OTU2100",41
"OTU609",41
"OTU1037",41
"OTU1266",41
"OTU2260",41
"OTU2126",41
"OTU1194",41
"OTU2583",41
"OTU2088",41
"OTU2589",41
"OTU639",41
"OTU2500",41
"OTU2205",41
"OTU1094",41
"OTU895",41
"OTU1460",42
"OTU829",42
"OTU1958",42
"OTU612",42
"OTU951",42
"OTU449",42
"OTU1307",42
"OTU502",42
"OTU864",42
"OTU1097",42
"OTU1567",42
"OTU487",42
"OTU94",42
"OTU2305",42
"OTU578",42
"OTU326",42
"OTU330",42
"OTU131",42
"OTU1451",42
"OTU1701",42
"OTU533",42
"OTU1901",42
"OTU971",42
"OTU2232",42
"OTU2407",42
"OTU2472",42
"OTU1596",42
"OTU2409",42
"OTU2657",42
"OTU2012",42
"OTU2437",42
"OTU1078",43
"OTU1281",43
"OTU263",43
"OTU2642",43
"OTU1077",43
"OTU168",43
"OTU1898",43
"OTU1918",43
"OTU937",43
"OTU67",43
"OTU2282",43
"OTU2639",43
"OTU273",43
"OTU492",43
"OTU909",43
"OTU762",43
"OTU871",43
"OTU1047",43
"OTU145",43
"OTU2435",43
"OTU1149",43
"OTU534",43
"OTU390",43
"OTU368",43
"OTU392",43
"OTU2130",44
"OTU592",44
"OTU400",44
"OTU1183",44
"OTU2284",44
"OTU2572",44
"OTU132",44
"OTU2468",44
"OTU235",44
"OTU1947",44
"OTU445",44
"OTU827",44
"OTU527",44
"OTU360",44
"OTU274",44
"OTU530",44
"OTU887",44
"OTU1046",44
"OTU825",44
"OTU373",44
"OTU1059",44
"OTU2419",44
"OTU1530",44
"OTU204",44
"OTU960",44
"OTU1781",44
"OTU2073",44
"OTU2095",44
"OTU339",44
"OTU2629",44
"OTU2465",44
"OTU2382",44
"OTU1211",44
"OTU1056",44
"OTU1099",44
"OTU2379",44
"OTU2532",44
"OTU2342",44
"OTU2391",44
"OTU1067",44
"OTU582",45
"OTU849",45
"OTU370",45
"OTU2263",45
"OTU1105",45
"OTU1896",45
"OTU735",45
"OTU482",45
"OTU119",45
"OTU2338",45
"OTU2307",45
"OTU348",45
"OTU328",45
"OTU220",45
"OTU2298",45
"OTU1173",45
"OTU2310",45
"OTU2674",45
"OTU595",45
"OTU448",45
"OTU811",45
"OTU407",45
"OTU543",45
"OTU2630",45
"OTU621",45
"OTU2341",46
"OTU2486",46
"OTU1971",46
"OTU775",46
"OTU2108",46
"OTU2188",46
"OTU437",46
"OTU183",46
"OTU645",46
"OTU580",46
"OTU1997",46
"OTU435",46
"OTU728",46
"OTU1276",46
"OTU307",46
"OTU831",46
"OTU2128",46
"OTU2423",46
"OTU1360",46
"OTU1475",46
"OTU1417",46
"OTU1937",46
"OTU2494",46
"OTU2085",46
"OTU2683",46
"OTU2586",46
"OTU1866",46
"OTU1902",46
"OTU1553",46
"OTU967",46
"OTU848",46
"OTU536",46
"OTU2377",46
"OTU1994",46
"OTU1850",46
"OTU1672",46
"OTU2222",46
"OTU1011",46
"OTU213",46
"OTU538",46
"OTU2277",46
"OTU550",46
"OTU1904",46
"OTU250",46
"OTU2665",46
"OTU1704",46
"OTU1070",46
"OTU1962",46
"OTU1518",46
"OTU270",46
"OTU2111",46
"OTU1563",46
"OTU1623",46
"OTU1814",46
"OTU2475",46
"OTU1117",46
"OTU1974",46
"OTU566",46
"OTU1218",46
"OTU1540",46
"OTU1314",46
"OTU1594",46
"OTU2214",46
"OTU2121",46
"OTU1192",46
"OTU361",46
"OTU41",46
"OTU740",46
"OTU2116",47
"OTU2373",47
"OTU2213",47
"OTU923",47
"OTU2270",47
"OTU651",47
"OTU2722",47
"OTU1551",47
"OTU1933",47
"OTU2619",47
"OTU383",47
"OTU2303",47
"OTU1095",47
"OTU203",47
"OTU2604",47
"OTU139",47
"OTU1705",47
"OTU2581",47
"OTU2712",47
"OTU955",47
"OTU961",47
"OTU1027",47
"OTU880",47
"OTU946",47
"OTU542",47
"OTU2430",47
"OTU2118",47
"OTU2600",47
"OTU1285",47
"OTU1629",47
"OTU1403",47
"OTU1611",47
"OTU58",47
"OTU2346",47
"OTU1284",47
"OTU579",47
"OTU1846",47
"OTU2599",47
"OTU1602",47
"OTU1616",47
"OTU1668",47
"OTU836",47
"OTU2353",47
"OTU1917",47
"OTU1302",47
"OTU1618",47
"OTU2076",47
"OTU939",47
"OTU541",47
"OTU1876",47
"OTU1827",47
"OTU36",47
"OTU1819",48
"OTU714",48
"OTU1633",48
"OTU2520",48
"OTU2659",48
"OTU1201",48
"OTU1232",48
"OTU1964",48
"OTU2040",48
"OTU2106",48
"OTU1279",48
"OTU866",48
"OTU1154",48
"OTU1115",48
"OTU1812",48
"OTU868",48
"OTU634",48
"OTU2168",48
"OTU1195",48
"OTU2517",48
"OTU1833",48
"OTU1168",48
"OTU1288",48
"OTU1128",48
"OTU2347",48
"OTU2650",48
"OTU2366",48
"OTU2415",48
"OTU843",48
"OTU1153",48
"OTU2590",48
"OTU29",48
"OTU2367",48
"OTU1058",48
"OTU2297",48
"OTU761",48
"OTU1864",48
"OTU2660",48
"OTU1837",48
"OTU375",48
"OTU2627",48
"OTU1982",48
"OTU2312",48
"OTU2326",48
"OTU2044",48
"OTU2670",49
"OTU1884",49
"OTU2086",49
"OTU2726",49
"OTU1450",49
"OTU2640",49
"OTU771",49
"OTU1244",49
"OTU2327",49
"OTU1981",49
"OTU2540",49
"OTU1740",49
"OTU1041",49
"OTU2109",49
"OTU2525",49
"OTU2438",49
"OTU2539",49
"OTU702",49
"OTU1474",49
"OTU2519",49
"OTU1220",49
"OTU918",49
"OTU2489",49
"OTU503",49
"OTU852",49
"OTU2021",49
"OTU1968",49
"OTU2058",49
"OTU2724",49
"OTU2597",49
"OTU673",49
"OTU956",50
"OTU1601",50
"OTU334",50
"OTU2003",50
"OTU640",50
"OTU760",50
"OTU2679",50
"OTU1144",50
"OTU196",50
"OTU2348",50
"OTU1779",50
"OTU2669",50
"OTU869",50
"OTU622",50
"OTU630",50
"OTU2420",50
"OTU708",50
"OTU2677",50
"OTU2478",50
"OTU169",50
"OTU815",50
"OTU2654",50
"OTU620",50
"OTU896",50
"OTU2480",50
"OTU814",50
"OTU631",50
"OTU1885",50
"OTU2421",50
"OTU2352",50
"OTU1199",51
"OTU1892",51
"OTU122",51
"OTU1706",51
"OTU108",51
"OTU1319",51
"OTU602",51
"OTU1394",51
"OTU629",51
"OTU1242",51
"OTU2056",51
"OTU690",51
"OTU1694",51
"OTU1106",51
"OTU1166",51
"OTU1018",51
"OTU2038",51
"OTU40",51
"OTU214",51
"OTU147",51
"OTU15",51
"OTU1181",51
"OTU1467",51
"OTU587",51
"OTU1321",51
"OTU685",51
"OTU846",51
"OTU1747",51
"OTU1674",51
"OTU454",51
"OTU2398",52
"OTU69",52
"OTU672",52
"OTU2573",52
"OTU571",52
"OTU713",52
"OTU23",52
"OTU1006",52
"OTU1778",52
"OTU2070",52
"OTU2079",52
"OTU47",52
"OTU1351",52
"OTU1810",52
"OTU646",52
"OTU993",52
"OTU2162",52
"OTU1667",52
"OTU796",52
"OTU1371",52
"OTU754",52
"OTU1042",52
"OTU519",52
"OTU1082",52
"OTU61",52
"OTU2218",52
"OTU810",52
"OTU349",52
"OTU920",52
"OTU21",52
"OTU160",52
"OTU2112",52
"OTU51",52
"OTU1485",53
"OTU978",53
"OTU1263",53
"OTU338",53
"OTU433",53
"OTU1443",53
"OTU507",53
"OTU757",53
"OTU2400",53
"OTU1772",53
"OTU1724",53
"OTU1745",53
"OTU1428",53
"OTU1176",53
"OTU133",53
"OTU1289",53
"OTU1256",53
"OTU1275",53
"OTU395",53
"OTU48",53
"OTU2149",53
"OTU2651",53
"OTU2663",53
"OTU2081",53
"OTU2291",53
"OTU163",53
"OTU1376",54
"OTU1415",54
"OTU138",54
"OTU1458",54
"OTU1471",54
"OTU1746",54
"OTU670",54
"OTU1258",54
"OTU1354",54
"OTU111",54
"OTU177",54
"OTU1802",54
"OTU82",54
"OTU2620",54
"OTU572",54
"OTU1769",54
"OTU774",54
"OTU1698",54
"OTU148",54
"OTU2202",54
"OTU658",54
"OTU106",54
"OTU1687",54
"OTU984",54
"OTU667",54
"OTU1722",54
"OTU2151",54
"OTU1390",54
"OTU1798",54
"OTU1361",54
"OTU1271",54
"OTU188",54
"OTU75",54
"OTU688",54
"OTU559",54
"OTU78",54
"OTU43",54
"OTU1473",54
"OTU2193",54
"OTU1656",54
"OTU33",54
"OTU974",54
"OTU1803",54
"OTU1762",54
"OTU228",54
"OTU233",54
"OTU1926",54
"OTU1891",54
"OTU660",54
"OTU1782",54
"OTU1101",54
"OTU1600",54
"OTU733",54
"OTU2182",55
"OTU2526",55
"OTU1455",55
"OTU1355",55
"OTU1758",55
"OTU100",55
"OTU2191",55
"OTU2176",55
"OTU906",55
"OTU1227",55
"OTU1649",55
"OTU2466",55
"OTU1188",55
"OTU172",55
"OTU1882",55
"OTU2416",55
"OTU1179",55
"OTU2350",55
"OTU2099",55
"OTU2648",55
"OTU2534",55
"OTU2163",55
"OTU1010",55
"OTU1639",55
"OTU1139",55
"OTU932",55
"OTU1950",55
"OTU2036",55
"OTU912",55
"OTU970",55
"OTU2428",55
"OTU1433",55
"OTU965",55
"OTU741",55
"OTU928",55
"OTU1071",55
"OTU689",55
"OTU1874",55
"OTU935",55
"OTU1322",55
"OTU958",55
"OTU2010",55
"OTU2508",55
"OTU2242",55
"OTU2557",55
"OTU616",55
"OTU715",55
"OTU1031",55
"OTU1213",55
"OTU1358",55
"OTU1975",56
"OTU268",56
"OTU1504",56
"OTU1838",56
"OTU1162",56
"OTU1725",56
"OTU1367",56
"OTU839",56
"OTU584",56
"OTU808",56
"OTU2521",56
"OTU2563",56
"OTU548",56
"OTU798",56
"OTU1956",56
"OTU1345",56
"OTU1050",56
"OTU2725",56
"OTU50",56
"OTU1414",56
"OTU1660",56
"OTU1799",56
"OTU452",56
"OTU109",56
"OTU1683",56
"OTU1511",56
"OTU1492",56
"OTU1370",56
"OTU1509",56
"OTU136",56
"OTU211",56
"OTU638",56
"OTU1436",56
"OTU1327",57
"OTU1870",57
"OTU2504",57
"OTU1442",57
"OTU2304",57
"OTU506",57
"OTU1543",57
"OTU2186",57
"OTU1277",57
"OTU2256",57
"OTU2529",57
"OTU2531",57
"OTU280",57
"OTU93",57
"OTU1645",57
"OTU1508",57
"OTU1641",57
"OTU1304",57
"OTU1691",57
"OTU104",57
"OTU2461",57
"OTU1619",57
"OTU107",57
"OTU1620",57
"OTU2616",57
"OTU756",57
"OTU1624",57
"OTU1060",57
"OTU1278",57
"OTU1389",57
"OTU1392",58
"OTU2164",58
"OTU371",58
"OTU158",58
"OTU1679",58
"OTU1825",58
"OTU2594",58
"OTU1678",58
"OTU1711",58
"OTU1952",58
"OTU68",58
"OTU1441",58
"OTU96",58
"OTU1193",58
"OTU2429",58
"OTU976",58
"OTU239",58
"OTU1863",58
"OTU1760",58
"OTU739",58
"OTU1637",58
"OTU99",58
"OTU1728",58
"OTU1352",58
"OTU79",58
"OTU1214",58
"OTU699",58
"OTU2331",58
"OTU2707",58
"OTU2635",58
"OTU2233",58
"OTU2394",58
"OTU954",58
"OTU2131",59
"OTU2150",59
"OTU1795",59
"OTU2004",59
"OTU424",59
"OTU1859",59
"OTU819",59
"OTU247",59
"OTU1626",59
"OTU1021",59
"OTU98",59
"OTU1434",59
"OTU1397",59
"OTU1127",59
"OTU1102",59
"OTU1777",59
"OTU110",59
"OTU973",59
"OTU979",59
"OTU312",59
"OTU1848",59
"OTU2403",59
"OTU1114",59
"OTU1488",59
"OTU552",59
"OTU718",59
"OTU1399",59
"OTU1500",59
"OTU855",59
"OTU1421",59
"OTU1844",59
"OTU1768",59
"OTU1372",59
"OTU2535",59
"OTU101",59
"OTU1337",59
"OTU1308",59
"OTU663",59
"OTU102",59
"OTU1534",59
"OTU636",59
"OTU1270",59
"OTU799",59
"OTU129",59
"OTU28",59
"OTU19",59
"OTU190",59
"OTU876",59
"OTU1416",59
"OTU1267",59
"OTU52",59
"OTU2580",59
"OTU2269",59
"OTU1555",59
"OTU1544",59
"OTU650",59
"OTU202",59
"OTU1141",59
"OTU2275",59
"OTU793",59
"OTU175",59
"OTU823",59
"OTU181",59
"OTU665",59
"OTU1437",59
"OTU986",59
"OTU2441",59
"OTU422",59
"OTU83",59
"OTU1146",60
"OTU187",60
"OTU1261",60
"OTU1413",60
"OTU776",60
"OTU1647",60
"OTU275",60
"OTU384",60
"OTU721",60
"OTU2344",60
"OTU1151",60
"OTU456",60
"OTU1995",60
"OTU2289",60
"OTU432",60
"OTU1718",60
"OTU1854",60
"OTU647",60
"OTU282",60
"OTU314",60
"OTU1992",60
"OTU734",60
"OTU1310",60
"OTU1899",60
"OTU87",60
"OTU696",61
"OTU1142",61
"OTU1903",61
"OTU221",61
"OTU2536",61
"OTU1398",61
"OTU1996",61
"OTU474",61
"OTU514",61
"OTU2207",61
"OTU2598",61
"OTU2706",61
"OTU723",61
"OTU1207",61
"OTU2742",61
"OTU1287",61
"OTU1517",61
"OTU1991",61
"OTU1295",61
"OTU1465",61
"OTU818",61
"OTU806",61
"OTU403",61
"OTU1636",61
"OTU2208",61
"OTU1935",61
"OTU1849",61
"OTU2139",61
"OTU917",61
"OTU2020",61
"OTU2258",61
"OTU1228",61
"OTU1976",61
"OTU20",61
"OTU2215",61
"OTU2245",61
"OTU1438",61
"OTU1943",61
"OTU1663",61
"OTU1680",61
"OTU2259",62
"OTU655",62
"OTU1946",62
"OTU154",62
"OTU782",62
"OTU2684",62
"OTU588",62
"OTU1961",62
"OTU2031",62
"OTU2047",62
"OTU2499",62
"OTU1748",62
"OTU1410",62
"OTU412",62
"OTU2448",62
"OTU2371",62
"OTU25",62
"OTU1338",62
"OTU2553",62
"OTU2082",62
"OTU2527",62
"OTU1512",62
"OTU1605",62
"OTU701",62
"OTU1468",62
"OTU1001",62
"OTU1697",62
"OTU563",62
"OTU892",62
"OTU49",62
"OTU2306",62
"OTU1125",62
"OTU1339",62
"OTU2685",62
"OTU2334",62
"OTU376",62
"OTU2492",62
"OTU515",62
"OTU2451",62
"OTU2661",62
"OTU1229",62
"OTU669",62
"OTU1138",62
"OTU130",62
"OTU1103",62
"OTU907",62
"OTU1978",62
"OTU838",62
"OTU2414",62
"OTU1091",62
"OTU2585",62
"OTU1030",62
"OTU1118",62
"OTU591",62
"OTU31",62
"OTU463",62
"OTU398",62
"OTU495",62
"OTU1219",62
"OTU287",62
"OTU364",62
"OTU252",62
"OTU1491",62
"OTU2577",62
"OTU354",62
"OTU2717",62
"OTU1603",63
"OTU165",63
"OTU2124",63
"OTU1404",63
"OTU2009",63
"OTU1368",63
"OTU574",63
"OTU1254",63
"OTU1472",63
"OTU1420",63
"OTU513",63
"OTU441",63
"OTU2051",63
"OTU1048",63
"OTU1832",63
"OTU1315",63
"OTU2237",63
"OTU2155",63
"OTU124",63
"OTU1435",63
"OTU2288",63
"OTU1557",63
"OTU2605",63
"OTU2002",63
"OTU944",63
"OTU76",63
"OTU1579",63
"OTU2247",63
"OTU528",63
"OTU1560",63
"OTU601",63
"OTU1185",63
"OTU910",63
"OTU1575",63
"OTU1538",63
"OTU476",63
"OTU1147",63
"OTU317",63
"OTU1977",63
"OTU304",63
"OTU705",63
"OTU1657",63
"OTU1677",63
"OTU753",63
"OTU2311",63
"OTU2644",63
"OTU938",63
"OTU1017",64
"OTU1407",64
"OTU535",64
"OTU1744",64
"OTU1785",64
"OTU2554",64
"OTU2206",64
"OTU1811",64
"OTU925",64
"OTU2096",64
"OTU803",64
"OTU662",64
"OTU1432",64
"OTU1325",64
"OTU2240",64
"OTU1703",64
"OTU730",64
"OTU2219",64
"OTU736",64
"OTU649",64
"OTU1794",64
"OTU1116",64
"OTU1155",64
"OTU2156",64
"OTU2294",64
"OTU1264",64
"OTU1556",64
"OTU469",64
"OTU834",64
"OTU2216",64
"OTU2477",64
"OTU2385",64
"OTU414",64
"OTU1481",64
"OTU2335",64
"OTU2426",64
"OTU142",64
"OTU2330",64
"OTU2446",64
"OTU396",64
"OTU1282",65
"OTU943",65
"OTU460",65
"OTU92",65
"OTU957",65
"OTU1469",65
"OTU936",65
"OTU2198",65
"OTU32",65
"OTU367",65
"OTU1044",65
"OTU80",65
"OTU914",65
"OTU1068",65
"OTU2457",65
"OTU2340",65
"OTU62",65
"OTU780",65
"OTU2470",65
"OTU2550",65
"OTU2672",65
"OTU2045",65
"OTU2066",65
"OTU2319",65
"OTU238",65
"OTU1120",65
"OTU212",65
"OTU840",65
"OTU1949",65
"OTU712",65
"OTU2127",65
"OTU2502",65
"OTU1938",65
"OTU1999",65
"OTU1546",65
"OTU1022",65
"OTU2490",65
"OTU2000",65
"OTU1243",65
"OTU1009",65
"OTU73",65
"OTU1948",65
"OTU2296",65
"OTU2376",65
"OTU2008",65
"OTU1408",65
"OTU2570",65
"OTU1406",65
"OTU2161",65
"OTU2546",65
"OTU1881",65
"OTU1554",65
"OTU2097",65
"OTU1741",66
"OTU1503",66
"OTU1582",66
"OTU1970",66
"OTU2167",66
"OTU483",66
"OTU898",66
"OTU91",66
"OTU2503",66
"OTU549",66
"OTU615",66
"OTU300",66
"OTU457",66
"OTU969",66
"OTU889",66
"OTU1093",66
"OTU246",66
"OTU877",66
"OTU1568",66
"OTU1652",66
"OTU1893",66
"OTU1226",66
"OTU1253",66
"OTU1638",66
"OTU237",66
"OTU2476",66
"OTU236",66
"OTU134",66
"OTU1479",66
"OTU1989",66
"OTU103",66
"OTU215",66
"OTU934",66
"OTU475",67
"OTU916",67
"OTU2380",67
"OTU2328",67
"OTU1063",67
"OTU893",67
"OTU1382",67
"OTU369",67
"OTU2204",67
"OTU2364",67
"OTU2068",67
"OTU1477",67
"OTU2315",67
"OTU517",67
"OTU1012",67
"OTU288",67
"OTU381",67
"OTU2248",67
"OTU1919",67
"OTU2592",67
"OTU509",67
"OTU2551",67
"OTU2243",67
"OTU2609",67
"OTU2074",67
"OTU1245",67
"OTU2558",67
"OTU301",67
"OTU1936",67
"OTU1528",67
"OTU707",67
"OTU1501",67
"OTU1581",67
"OTU286",67
"OTU46",67
"OTU1008",67
"OTU560",67
"OTU675",67
"OTU399",67
"OTU945",67
"OTU729",67
"OTU949",67
"OTU1411",67
"OTU77",67
"OTU2501",67
"OTU1025",67
"OTU1834",67
"OTU1788",67
"OTU2293",67
"OTU2547",67
"OTU1240",67
"OTU2513",67
"OTU752",67
"OTU189",67
"OTU37",67
"OTU217",67
"OTU1583",67
"OTU1972",68
"OTU193",68
"OTU377",68
"OTU1107",68
"OTU1122",68
"OTU1035",68
"OTU1221",68
"OTU1770",68
"OTU1230",68
"OTU128",68
"OTU60",68
"OTU570",68
"OTU940",68
"OTU737",68
"OTU2358",68
"OTU1640",68
"OTU205",68
"OTU2323",68
"OTU2351",68
"OTU2320",68
"OTU1121",68
"OTU2053",68
"OTU1286",68
"OTU2645",68
"OTU340",68
"OTU1494",68
"OTU882",68
"OTU1536",69
"OTU1515",69
"OTU2317",69
"OTU72",69
"OTU1872",69
"OTU2017",69
"OTU990",69
"OTU1969",69
"OTU569",69
"OTU562",69
"OTU2357",69
"OTU830",69
"OTU2541",69
"OTU496",69
"OTU2292",69
"OTU2510",69
"OTU1959",69
"OTU2057",69
"OTU1944",69
"OTU1916",69
"OTU706",69
"OTU2035",69
"OTU1731",69
"OTU2450",69
"OTU2406",69
"OTU2649",69
"OTU1222",69
"OTU1374",69
"OTU657",69
"OTU1174",69
"OTU1773",69
"OTU2223",69
"OTU1470",69
"OTU2019",69
"OTU1449",69
"OTU1119",69
"OTU539",69
"OTU603",69
"OTU405",69
"OTU1160",69
"OTU276",69
"OTU290",69
"OTU279",69
"OTU281",69
"OTU1210",69
"OTU256",69
"OTU426",69
"OTU994",69
"OTU2308",70
"OTU1715",70
"OTU1482",70
"OTU2159",70
"OTU1604",70
"OTU1845",70
"OTU425",70
"OTU659",70
"OTU2574",70
"OTU1532",70
"OTU1499",70
"OTU767",70
"OTU2454",70
"OTU2591",70
"OTU2656",70
"OTU1320",70
"OTU2141",70
"OTU2217",70
"OTU1883",70
"OTU1137",70
"OTU1300",70
"OTU1520",70
"OTU2333",70
"OTU703",70
"OTU481",70
"OTU518",70
"OTU1365",70
"OTU478",70
"OTU884",70
"OTU2613",70
"OTU656",70
